{"cameraMode":{"drawMode":0,"name":"Shaded","section":"Shading Mode"},"sceneLighting":false,"audioPlay":false,"sceneViewState":{"showFog":true,"showMaterialUpdate":false,"showSkybox":true,"showFlares":true,"showImageEffects":true,"showParticleSystems":true},"in2DMode":false,"pivot":{"x":-0.26300013065338137,"y":0.22080647945404054,"z":-0.1590465009212494},"rotation":{"x":0.21890763938426972,"y":-0.6134790182113648,"z":0.18233460187911988,"w":0.7365304231643677},"size":2.2416586875915529,"orthographic":false}