{"cameraMode":{"drawMode":0,"name":"Shaded","section":"Shading Mode"},"sceneLighting":false,"audioPlay":false,"sceneViewState":{"showFog":true,"showMaterialUpdate":false,"showSkybox":true,"showFlares":true,"showImageEffects":true,"showParticleSystems":true},"in2DMode":false,"pivot":{"x":-6.94317626953125,"y":2.19635009765625,"z":3.9931640625},"rotation":{"x":0.13551479578018189,"y":0.08992846310138703,"z":-0.012352190911769867,"w":0.9866083860397339},"size":3.9110445976257326,"orthographic":true}