{"cameraMode":{"drawMode":0,"name":"Shaded","section":"Shading Mode"},"sceneLighting":false,"audioPlay":false,"sceneViewState":{"showFog":true,"showMaterialUpdate":false,"showSkybox":true,"showFlares":true,"showImageEffects":true,"showParticleSystems":true},"in2DMode":false,"pivot":{"x":-6.94317626953125,"y":2.19635009765625,"z":3.9931640625},"rotation":{"x":0.10258258134126663,"y":0.20380687713623048,"z":-0.021478701382875444,"w":0.9733849763870239},"size":7.909579753875732,"orthographic":true}