{"cameraMode":{"drawMode":0,"name":"Shaded","section":"Shading Mode"},"sceneLighting":true,"audioPlay":false,"sceneViewState":{"showFog":false,"showMaterialUpdate":false,"showSkybox":true,"showFlares":false,"showImageEffects":false,"showParticleSystems":false},"in2DMode":false,"pivot":{"x":118.70008087158203,"y":-2.4296875,"z":-10.151993751525879},"rotation":{"x":0.26145923137664797,"y":-0.11261612921953201,"z":0.030730532482266427,"w":0.9581321477890015},"size":25.233915328979493,"orthographic":true}