{"cameraMode":{"drawMode":0,"name":"Shaded","section":"Shading Mode"},"sceneLighting":true,"audioPlay":false,"sceneViewState":{"showFog":true,"showMaterialUpdate":false,"showSkybox":true,"showFlares":true,"showImageEffects":true,"showParticleSystems":true},"in2DMode":false,"pivot":{"x":-1.07147216796875,"y":0.27783203125,"z":0.103271484375},"rotation":{"x":-0.4737944006919861,"y":-0.10389740765094757,"z":0.05640897527337074,"w":-0.8726638555526733},"size":3.3874170780181886,"orthographic":true}